domain,count
r/altright,4557
r/The_Donald,55
r/AgainstHateSubreddits,8
r/conspiracy,6
r/politics,6
r/Futurology,5
r/news,4
r/socialism,4
r/BlackPeopleTwitter,3
r/HiddenHateCrimes,3
r/australia,3
r/Anarchism,3
r/AskReddit,3
r/islam,3
r/LateStageCapitalism,2
r/Maine,2
r/worldnews,2
r/videos,2
r/ShitRedditSays,2
r/FreyasLight,2
r/RedPillReality,2
r/pics,2
r/Documentaries,2
r/EnoughTrumpSpam,2
r/AskEurope,2
r/europe,2
r/SRSDiscussion,2
r/TheImperialCult,2
r/aznidentity,2
,2
r/DebateFascism,2
r/OkCupid,1
r/ukpolitics,1
r/nrx,1
r/rage,1
r/Jokes,1
r/Denver,1
r/AskTrumpSupporters,1
r/Physical_Removal,1
r/SarahCAndersen,1
r/BestOfCucks,1
r/southafrica,1
r/new_right,1
r/ben_shapiro,1
r/subredditoftheday,1
r/TheRightStuff,1
r/bottabot.compact,1
r/DylannRoofInnocent,1
r/Fuckthealtright,1
r/Anarcho_Capitalism,1
r/holocaust,1
r/nova,1
r/RetroFuturism,1
r/OpenandHonest,1
r/undelete,1
r/Blackfellas,1
r/Drama,1
r/physical_removal,1
r/GlobalOffensive,1
r/sorceryofthespectacle,1
r/KillJill,1
r/ukaltright,1
r/altright_parenting,1
r/NationalAlliance,1
r/CringeAnarchy,1
r/IAmA,1
r/TrendingNSFW,1
r/TheBluePill,1
r/blackpeopletwitter,1
r/FUckpearl,1
r/HillaryForPrison,1
r/metacanada,1
r/movies,1
r/OldSchoolCool,1
r/MongoloidSupremacy,1
r/tfholmgren,1
r/ChadNationalism,1
r/BestOfAltRight,1
r/EuropeanPeoples,1
r/TheRedPill,1
r/changemyview,1
r/The_DonaldUnleashed,1
r/WhiteRights,1
r/PublicFreakout,1
r/PropagandaPosters,1
r/philosophy,1
r/MGTOW,1
r/lostgeneration,1
r/Altright_Parenting,1
r/progressive,1
r/AskHistorians,1
r/evropean,1
r/RoomPorn,1
r/ObamaLegacy,1
r/science,1
r/NordicWomen,1
r/badphilosophy,1
r/PoliticalDiscussion,1
r/vexillology,1
r/thenewright,1
r/marvelstudios,1
r/racism,1
r/portugal,1
r/leftwithsharpedge,1
r/AltRightAus,1
r/TheNewRight,1
r/ShitAmericansSay,1
r/the_cuckold,1
r/BneStrong,1
r/Dark_AnCap,1
r/funny,1
r/BlueEnsign,1
r/UpliftingNews,1
r/aggies,1
r/Conservative,1
r/canada,1
r/AltRightWatch,1
