,count
youtu.be/Rd0iZUE7v6I,3
youtu.be/K63PN2bxAXE,3
youtu.be/9-ofBk-8DJk?t=10148,3
youtu.be/aY90MSkQtrE,3
youtu.be/J6Iq9pN5jzk,2
youtu.be/KtxXKezbQ9w?t=320,2
youtu.be/GsVLnaHmMjE,2
youtu.be/2lZfDqSj5Q8,2
youtu.be/xlGztzYObRM,2
youtu.be/aOxv7klZK-Y,2
youtu.be/0EyoKB3ZHSc,2
youtu.be/xRLL1veDo_w,2
youtu.be/lpes-45zqxo,2
youtu.be/_B-X7ox8LBg,2
youtu.be/shln18Y5qIc,2
youtu.be/t165PW5MN24,2
youtu.be/HnJZ2haLPCw,2
youtu.be/q90kmUbEv7c,2
youtu.be/bDFARl2b_4Y,2
youtu.be/weAfTIq4Mu8,2
youtu.be/ixIWovwR4iQ,2
youtu.be/dm_Vv3Q24uQ,2
youtu.be/qTYSv_YQOVo,2
youtu.be/wuSDfVRGI54?t=96,2
youtu.be/rfzvrCwjfLE,2
youtu.be/hsTlDwJ2xhU,2
youtu.be/Kq8DRz3yXLI,2
youtu.be/bmePrgRdRlQ,2
youtu.be/eyJFRTJgPbU,2
youtu.be/niicDbbSky0,2
youtu.be/Mi5HrlKSAOQ,2
youtu.be/ZrdJ3_4dVDw,1
youtu.be/nfzsMDl1GNY,1
youtu.be/J_EIbEKxASY,1
youtu.be/DzfpyUB60YY,1
youtu.be/egsKKxCUJS0,1
youtu.be/unuq7Tavcl0,1
youtu.be/uAsV5-Hv-7U,1
youtu.be/6w3EbmeD9UY,1
youtu.be/BRHN5-09QLU,1
youtu.be/rVz3GgAWUyM,1
youtu.be/PyBxhKJV33Y,1
youtu.be/-RyWasMhHVo,1
youtu.be/VMhfmxTvdt0,1
youtu.be/vn3EShxS0dA,1
youtu.be/LpFm6SeMgM0,1
youtu.be/QVd_bbq82oc,1
youtu.be/10B9Fc8BmR0,1
youtu.be/xj_LTCjN9mM,1
youtu.be/Hd9lb3ZzCi4,1
youtu.be/I7Ut6vByCJU,1
youtu.be/iUbpBg4GeD8,1
youtu.be/cQHQIhJbeFo,1
youtu.be/Ouu6LGGIWsc,1
youtu.be/-Q8BLfefGtg,1
youtu.be/0QSwDLH2ang,1
youtu.be/AxkCoYDw9Ds,1
youtu.be/zSrklM2SvBw?t=51s,1
youtu.be/-qKcPzgsj9g,1
youtu.be/WNvY5aPz9oo,1
youtu.be/ifHLF3QhUEU,1
youtu.be/J39l1VlO-VI,1
youtu.be/0J06wyByogQ,1
youtu.be/I3kmVgQHIEY,1
youtu.be/cLUHNKD9pxw,1
youtu.be/yPvkX7EJPko,1
youtu.be/7gONL2xBOtc,1
youtu.be/FN7r0Rr1Qyc,1
youtu.be/Nt0NcaxmGHo,1
youtu.be/l9JxLo2Gn34,1
youtu.be/6kFuASskrw8,1
youtu.be/3TggYOQuMB0,1
youtu.be/hm1f_wWzKl4,1
youtu.be/V6MDq9y8xoc,1
youtu.be/1t4KLOm7pO0,1
youtu.be/Lgl53EXInPc?t=44s,1
youtu.be/sP493LmSJrE,1
youtu.be/_39N9L2IK24,1
youtu.be/dtOp9jsQcqE,1
youtu.be/CNSONTCwQWA,1
youtu.be/jB54XxbgI0E,1
youtu.be/TwQx3n29QtY,1
youtu.be/n8PYozPB-8I,1
youtu.be/35tGM-Tsahk,1
youtu.be/jkpJumIdzDg,1
youtu.be/pz2rDRbSqFw,1
youtu.be/Kw7FJ9y8m4M,1
youtu.be/wZOv6eO4bhU,1
youtu.be/njjI6Me5o_U,1
youtu.be/qrdVLec455A,1
youtu.be/u_LHwKxcOIM,1
youtu.be/Wxeimb8trDM,1
youtu.be/tOS4ES7OSvo,1
youtu.be/BnC56tmHh9Q,1
youtu.be/XR-4vMEiQ_U,1
youtu.be/yhUXSX3ZnpE,1
youtu.be/X2TToh17Dk4,1
youtu.be/nTjG4vijhRg,1
youtu.be/5hfEBupAeo4,1
youtu.be/LPH1Zshd1fM,1
youtu.be/t_V57olyQoU?t=1h31s,1
youtu.be/Vat_w4QV_uM,1
youtu.be/R9B7EsenfFE,1
youtu.be/tanz1IxVpVA,1
youtu.be/SQ_sENuZljU,1
youtu.be/MNy5h3yC8pI,1
youtu.be/3-VA_0WwZwM,1
youtu.be/0K_mFFfqtak,1
youtu.be/MXxGPDBRUzs,1
youtu.be/yr5BQS79H7g,1
youtu.be/JxVGNk2Ma-8,1
youtu.be/LyhLbygSd_I,1
youtu.be/FmPYqrpUkkI,1
youtu.be/zOcHS3l6MtY,1
youtu.be/Gbph5or0NuM,1
youtu.be/nWQRSWyK5t0,1
youtu.be/YWCpVZEdwl0,1
youtu.be/yTg7RB2U2cU,1
youtu.be/y3qkf3bajd4,1
youtu.be/D9XNzcqA42s,1
youtu.be/zu9aBznOIC8,1
youtu.be/pjS6OdY2dBQ,1
youtu.be/f2dURNqIJiw,1
youtu.be/ZFQcZMGe4p0,1
youtu.be/-7-dAmdy-JE,1
youtu.be/CDDTmElixdM,1
youtu.be/6gzqW8Oj48Y,1
youtu.be/rV1rMu_MVpk,1
youtu.be/j9e_vcSut0A,1
youtu.be/WtN2gIKBHW8,1
youtu.be/ATHTWAp-hEo,1
youtu.be/QrWGzbKtxbM,1
youtu.be/yfLDVJerOqk,1
youtu.be/jtL4GYj5e_A,1
youtu.be/DNNtMxZKcG8,1
youtu.be/wmT7h0jY_5I,1
youtu.be/6Yf0NVj15Wk,1
youtu.be/P_RebRripcg,1
youtu.be/dPy5utmQQO4,1
youtu.be/1RWOpQXTltA?t=6s,1
youtu.be/L-C1PGO11d4,1
youtu.be/9yl_hqeeANg,1
youtu.be/ullUnUP2J4Q,1
youtu.be/vcPB9rpt45Q,1
youtu.be/ueAi3LtaU3o,1
youtu.be/mZckFu2txV0?t=2467,1
youtu.be/9V6s92p42UM,1
youtu.be/NseEoHnt9T0,1
youtu.be/tcGrxHc2bkQ,1
youtu.be/_jgyFZ1zktU,1
youtu.be/omfTWRuwRyk,1
youtu.be/XpnYpQaHAuc,1
youtu.be/Ap9HbMxfWyw,1
youtu.be/kZ68MRee3Es,1
youtu.be/oNT7TuNLu08,1
youtu.be/Bd1oA47Ti0I,1
youtu.be/wFrl-jYmSYg,1
youtu.be/_YBmkGEa5-I,1
youtu.be/Kp7FkLBRpKg,1
youtu.be/TNGhCQ9tyH4,1
youtu.be/2Lq7DvxLzsc?t=520,1
youtu.be/iEeSPc5oTcM,1
youtu.be/xHhNr5jeTIw,1
youtu.be/XbOeO_frzvg,1
youtu.be/JrtuBas3Ipw,1
youtu.be/0MdK8hBkR3s,1
youtu.be/8YsRU0TFQTY,1
youtu.be/pu2Jk3GZne0,1
youtu.be/rJ1nlgIj7D0,1
youtu.be/E559llvU-NQ,1
youtu.be/wCLtAbULUtw,1
youtu.be/WDDjiavd7W0,1
youtu.be/bNuYGxMV-xQ,1
youtu.be/y2VMINV7eMg,1
youtu.be/oxWjId1uyJs,1
youtu.be/475OYeeZrcE,1
youtu.be/4fMa6Y-DrAM,1
youtu.be/Vo76BzT2_YM,1
youtu.be/R0PZOJCqakc,1
youtu.be/kJ1hpavPH1U,1
youtu.be/K97OP2p9JTQ,1
youtu.be/Ts1aidG_hjk,1
youtu.be/piOGd4qaPwA,1
youtu.be/_4F-bv9zTpo,1
youtu.be/AM_AiYOu4zQ,1
youtu.be/8VjfKxlO-QA,1
youtu.be/LbkQddEDPs0,1
youtu.be/dMniFQCyqTg,1
youtu.be/-leWJ84EUns,1
youtu.be/luIwf_037TU,1
youtu.be/jjPQ_jVlEnQ,1
youtu.be/fTPym5VHI4c,1
youtu.be/KoBgdmdKYKk,1
youtu.be/Ea2kCxCaBh0,1
youtu.be/VCC-8OEiZ8s,1
youtu.be/ZjHE3CUsREY,1
youtu.be/lIeE_270J4U,1
youtu.be/KPw0XV-Lb4c,1
youtu.be/1V4pGQIJMXM,1
youtu.be/j1L1gNUPbTw,1
youtu.be/q3N3Qxddbx8,1
youtu.be/9lGmt6StK-4?t=3m53s,1
youtu.be/Tjy5RmmXb2Y,1
youtu.be/IcuHdYc_7Nc,1
youtu.be/FaWJlya_d1w,1
youtu.be/1UTEI-m7L2Q,1
youtu.be/91K--ewGRyw,1
youtu.be/nTYzq42nB38,1
youtu.be/lm8U_vCxYyc,1
youtu.be/oJhHwspZGcg,1
youtu.be/xXeKFyoDOBw,1
youtu.be/gYPAvT-3Fvs,1
youtu.be/6YSrJzVGo5c,1
youtu.be/0T4jssO9t-0,1
youtu.be/CgbB_jqtEkI,1
youtu.be/WjuZTx8YzhA,1
youtu.be/XW1dUvFDVzU,1
youtu.be/L7M_Dw-SsBs,1
youtu.be/UxpVwBzFAkw,1
youtu.be/Fely6gd2Q-k?t=550,1
youtu.be/ADRdGmbkwQA,1
youtu.be/8gUwqKBfUgs,1
youtu.be/w_VNOk7Wv5A,1
youtu.be/JEYh5WACqEk,1
youtu.be/jNKJuy0cYxw,1
youtu.be/jREUrbGGrgM,1
youtu.be/vurrY3sB_Nc,1
youtu.be/uqm--YrFE4M,1
youtu.be/JajNRH6zQa4,1
youtu.be/tceWlIkbTfo,1
youtu.be/43upuTP6Ado,1
youtu.be/0yk1-iRurrE,1
youtu.be/O5k0MtlWPOs,1
youtu.be/WXVtWR_fZlI,1
youtu.be/_l_yZeVC2f4,1
youtu.be/rItEbuvs9Ic,1
youtu.be/8emvBJTdIoY,1
youtu.be/X8--vbk5S6E,1
youtu.be/6nbnGUUdQTU,1
youtu.be/JVr9U-QGuIg,1
youtu.be/qoBq5d786-w,1
youtu.be/9_HBdG5280o,1
youtu.be/16iEL0hieQo,1
youtu.be/s5fEqnwqrh8,1
youtu.be/Vp1RvwKAi1k,1
youtu.be/QfqqLX2WdSM,1
youtu.be/iSwdMJlwRWs,1
youtu.be/JLgyGNzWvEs,1
youtu.be/EUcUhyB3nV8,1
youtu.be/zB33z_lsyJ0,1
youtu.be/n8e3ZtPXoGM,1
youtu.be/qxBzcynHGEE,1
youtu.be/mUgeavMku9w,1
youtu.be/u3d_yxJhmjk,1
youtu.be/djeM4jyGTYw,1
youtu.be/ou0Qmcdfn04?t=4412,1
youtu.be/8EyjgUqXojc,1
youtu.be/RK8xHq6dfAo,1
youtu.be/Ryy5U2mNTJU,1
youtu.be/kyLyGXQUIo0,1
youtu.be/rGzQco7Fw6,1
youtu.be/ICBul4b_Iq4,1
youtu.be/Zwmy19ZEMw0,1
youtu.be/ehXeZuD4NrU,1
youtu.be/9XZZ3SypO1U,1
youtu.be/5QU7IoDoVX4,1
youtu.be/TOvpzI7noKs,1
youtu.be/SWWkUzkfJ4M,1
youtu.be/IgQwgUwlxBw?t=1m28s,1
youtu.be/dH7zOX5PrVw,1
youtu.be/xBXoXB3QvyI,1
youtu.be/3BVyKPYM2cw,1
youtu.be/lcLJv4FEB5o,1
youtu.be/8iNumDWB3rk,1
youtu.be/jEaEsmMapHc,1
youtu.be/dI9IuBthnd4,1
youtu.be/IUjLE_N1Cuc,1
youtu.be/OynP5pnvWOs,1
youtu.be/DixJDVT17Ks,1
youtu.be/5gnpCqsXE8g,1
youtu.be/XUPmh8oHW_A,1
youtu.be/3tAMaCyNotU,1
youtu.be/bznHze0RKec,1
youtu.be/ugJ8TQh9gaM,1
youtu.be/gXGlawiibK8,1
youtu.be/6Cp6mKbRTQY,1
youtu.be/NJAn4cuqIdg,1
youtu.be/LQdDnbXXn20,1
youtu.be/cqsmtvWzLnA?t=723,1
youtu.be/ZrFzHmDlngI,1
youtu.be/gHKU1n5kTWQ,1
youtu.be/KtxXKezbQ9w,1
youtu.be/8pNelfC6QT8,1
youtu.be/tU5Rnd-HM6A,1
youtu.be/Hv28Hnx9uCg,1
youtu.be/N0TWvu7KDfg,1
youtu.be/fTryU1fp-zw,1
youtu.be/1rIP9WWx-Pk,1
youtu.be/geCH93i6Qw4,1
youtu.be/dCqgqAmeyyQ?list=PLolisS3g7D9_mDdHVwjPvKPCqC4BgTnhx,1
youtu.be/yFalXA-RNjI,1
youtu.be/I3jFF0-Cmg4,1
youtu.be/43X6eHArK2Q,1
youtu.be/WDDjiavd7W0?t=333,1
youtu.be/ZLat7ux4Vvc,1
youtu.be/rGq976t9Fb4,1
youtu.be/DFxypvk0u88,1
youtu.be/I5ha93NeTJ8,1
youtu.be/omPZGNE0F_U,1
youtu.be/2h7416nDeIc,1
youtu.be/vh5Zj0qhHMs,1
youtu.be/QXyhkKHF9E0,1
youtu.be/hEldsxI0FOE,1
youtu.be/6jVWdtI6_wg,1
youtu.be/SImdg8Zp5zs,1
youtu.be/7l3h36WXOcw,1
youtu.be/7psV-jald54,1
youtu.be/Q6nCLXe8NyY,1
youtu.be/iGJkf4BLxTw,1
youtu.be/0TX7PvOYEj4,1
youtu.be/7o6JhW9xqa8,1
youtu.be/EYozWHBIf8g,1
youtu.be/29rzzyoWnP8,1
youtu.be/TwGtabMaHO4,1
youtu.be/EGbicaDeJNk,1
youtu.be/alyk2g10AZk,1
youtu.be/aBXEvHv3Vjs,1
youtu.be/5EMJB_nvwIU,1
youtu.be/YaMNbfsSiic,1
youtu.be/uiOLCXVuuPQ,1
youtu.be/gVf_4Ns3qLU?t=1m11s,1
youtu.be/1Iy0Sxwbs7k,1
youtu.be/cnibjE5OSVI,1
youtu.be/zbQhie3ApyE,1
youtu.be/o4KSRDXthqQ,1
youtu.be/OjiqEufQ84o,1
youtu.be/qkhMwID-IYQ,1
youtu.be/YH2jhmNTn9s,1
youtu.be/b98ch_Pyi-Y,1
youtu.be/UUl9Vn50fls,1
youtu.be/6v7Pg3lO5MY,1
youtu.be/dSWzQmOI4qs,1
youtu.be/N7DtICgHGrw,1
youtu.be/YGyVEsjnO_w,1
youtu.be/WiTWUA-TAXk,1
youtu.be/n4RLVuDD-AE,1
youtu.be/wkcy41hChPI,1
youtu.be/dDwyOApJzSw,1
youtu.be/XRg_GNPUhG0,1
youtu.be/yUY3cNhUo6E,1
youtu.be/svwW312b1NI,1
youtu.be/RNsbGKqjXcs,1
youtu.be/rdFisV2O9tM,1
youtu.be/nDc5BzNTzgc,1
youtu.be/kAGhyFHnuv8,1
youtu.be/W4yrEb4vmQI,1
youtu.be/LROcYIVuJXc,1
youtu.be/gWDz5aCRpQI,1
youtu.be/tykJ9lCVji0,1
youtu.be/vm_J-tNUws0,1
youtu.be/45i5td6gTT0,1
youtu.be/_sbT3_9dJY4?t=14m55s,1
youtu.be/8QSdLMRZCy8,1
youtu.be/KvtT3UyhibQ,1
youtu.be/L1HlGMwUQO8,1
youtu.be/p3rwuhKQTWs,1
youtu.be/RzI2n9ydkFk,1
youtu.be/EhFN8Bb202I,1
youtu.be/UEP1Mk6Un98,1
youtu.be/qlwZ-FDUPYY,1
youtu.be/faolY5_hnIc,1
youtu.be/P67na1Djxdc,1
youtu.be/bGZ8Bb6t6cQ,1
youtu.be/g-j1Dg2nKKY,1
youtu.be/ZvK19b26kpE,1
youtu.be/cKST_kFdKmw,1
youtu.be/K4811viyarc,1
youtu.be/yELV238wr-k,1
youtu.be/LPjzfGChGlE,1
youtu.be/wljpYZ8wejA?t=712,1
youtu.be/MkEqI3_J4xg,1
youtu.be/OcXdZx_CSyU,1
youtu.be/bE-DEt85uVU,1
youtu.be/s0u3AW2e9HU,1
youtu.be/YclB7UDbnKQ,1
youtu.be/dTrrHtcdES0,1
youtu.be/NqqW5yte5Jc,1
youtu.be/CCEuxvAXZ60,1
youtu.be/IXGajwqvntY,1
youtu.be/5WG2RmgkxG0,1
youtu.be/QD7h3Wst5j8,1
youtu.be/EU1O-f3stcQ,1
youtu.be/Zzu15ZezipE,1
youtu.be/cq9iAQxg1HI,1
youtu.be/1YSX82ttIYY,1
youtu.be/hcUcGxtrbRE,1
youtu.be/ZuoqreGkl7o,1
youtu.be/LOiJL1EvP9Q,1
youtu.be/_6Cg4syZbyU,1
youtu.be/k2WnusceG40,1
youtu.be/beRNIxYsxcw,1
youtu.be/XIzczt8FaLA,1
youtu.be/FyGLTpRO16I,1
youtu.be/-uQ4wytISGQ,1
youtu.be/yCCWB5z1uG0,1
youtu.be/ELati9z7gq4,1
youtu.be/tgjqzO63XfM,1
youtu.be/vpZQoDRZ7WE,1
youtu.be/KBpft6pQClY,1
youtu.be/VSoItWtL7Pk,1
youtu.be/Wh7_hxVOaJE,1
youtu.be/FCiXsNsHAq8,1
youtu.be/yyfdA7GFTC0,1
youtu.be/t27PRrpH3Bk,1
youtu.be/cwgLczzn5gk,1
youtu.be/wJuie2BrUSc,1
youtu.be/0v5uvkszugk,1
youtu.be/f9Y_vzIETJA,1
youtu.be/EUZ9a6J9Hdw,1
youtu.be/8D_SAJ3DYog,1
youtu.be/Rtpn5QYP5Ig,1
youtu.be/sXoP_LDKPJc,1
youtu.be/cTtEr305moE,1
youtu.be/9tmY6iItnP0,1
youtu.be/egjYeRWSsBw,1
youtu.be/U4rZqCYEA7g,1
youtu.be/pmXMnuQ1QjQ,1
youtu.be/zkVcqZZG-aU,1
youtu.be/DxMh3AFf57s,1
youtu.be/OozeGZQwyBM,1
youtu.be/GXGztTkFBB4,1
youtu.be/tV3Mpmbd0lk,1
youtu.be/H8Vqwic7VLo,1
youtu.be/Wi_TGf5V1CE,1
youtu.be/k8vEGIoV8FQ,1
youtu.be/XXZUQLS1fGM,1
youtu.be/r__qAZzfIfc,1
youtu.be/lpPH3b4HSK0,1
youtu.be/PNyJtn-GGXY,1
youtu.be/ta6n9XxJPFE,1
youtu.be/RxGzcnLuQF4,1
youtu.be/hXaCym8RjJU,1
youtu.be/mSvTnOHSX2Y,1
youtu.be/OjNOpfjIoyA,1
youtu.be/4Nk9my4SPN4,1
youtu.be/ZoPyi7yGjSo,1
youtu.be/UbWvnBith1c,1
youtu.be/J0bV613FNkY,1
youtu.be/_k1zJV0DSvc,1
youtu.be/VvVrQqU1Gwc,1
youtu.be/PrnddjXBOGY,1
youtu.be/zvpQBbW7P8E,1
youtu.be/VTryHXYFWLw,1
youtu.be/hQLzyP05sxs,1
youtu.be/D-m09lKtYT4,1
youtu.be/VwcKwGS7OSQ,1
youtu.be/48Zxjbk941k,1
youtu.be/TJm8Ugi1k7Y,1
youtu.be/OwUKS022TMw,1
youtu.be/5FPXXHknv0g,1
youtu.be/X5v0EYjcB18,1
youtu.be/iKzlh9kN4HI,1
youtu.be/gvuulZPbfBg,1
youtu.be/E3cFiWtcT4k,1
youtu.be/oy1JQDJG_Eg?t=3m8s,1
youtu.be/AJKUfcnQq5E,1
youtu.be/Nki9wWafteM,1
youtu.be/6I5KJNy1jdg,1
youtu.be/gAZSQEkFAVE,1
youtu.be/Kgiu_K9D-18,1
youtu.be/fRi7g_W4bjs,1
youtu.be/jTl80wZv8YE,1
youtu.be/ECkDIZJmXt0,1
youtu.be/hiGDvph6D4Y,1
youtu.be/IIo-17SIkws,1
youtu.be/tbkOZTSvrHs,1
youtu.be/D_pGQBdX55Y,1
youtu.be/k9OQVmJdtlI,1
youtu.be/Vb3IMTJjzfo,1
youtu.be/spCOhySipdw,1
youtu.be/Wb55teb1gJ0,1
youtu.be/YYzy45uMn8A,1
youtu.be/Ek1ENuEyWHE,1
youtu.be/LPFtSB0K9I8,1
youtu.be/7lwypeJzAkE,1
youtu.be/B7m1AKD_2ag,1
youtu.be/fLj1XAkKkdA,1
youtu.be/vJZWNkJrKJc,1
youtu.be/pa-ancQzlLA,1
youtu.be/wRZhD8S6o5s,1
youtu.be/dC65tHjdpGg,1
youtu.be/zjcZEllLrG0,1
youtu.be/BEaZnY64_VA,1
youtu.be/PdnSI86bZ7U,1
youtu.be/A1Gq8tIV1co,1
youtu.be/OQAyLM58gdA,1
youtu.be/IKy3fCvMz-8,1
youtu.be/bnMAh-0wmhg?t=1m11s,1
youtu.be/p9rvfwhUIVQ,1
youtu.be/0RRxqg4G-G4,1
youtu.be/xi6xEAAdcbY,1
youtu.be/zbbL4l359bo,1
youtu.be/jgEkywdLtJ4,1
youtu.be/PwRA-zAbx1k,1
youtu.be/fMGn8D17wT4,1
youtu.be/wUYVnouKOlo,1
youtu.be/dPlTg6tCIh8,1
youtu.be/I5jpCOz1AUI,1
youtu.be/vvULsrjLdI4,1
youtu.be/3vDWWy4CMhE,1
youtu.be/PV4DsSKkl7Q?t=1h50m47s,1
youtu.be/sR7eXwVTdKE,1
youtu.be/w_MTfJlmtJ4,1
youtu.be/Iy5IUTNqHrs,1
youtu.be/2uDK0TYw5bo,1
youtu.be/bO2RuTZ-0Bo,1
youtu.be/06_Z5KVAaOA,1
youtu.be/hQo6O8GjKJo,1
youtu.be/tyaEQEmt5ls,1
youtu.be/u9Y_wL6Nykg,1
youtu.be/t1mgrTGeDPM,1
youtu.be/ktppX0HwF5s,1
youtu.be/vVJ_Q2lvp7M,1
youtu.be/2H-qOxDbV_w,1
youtu.be/YPLtCOtuIpY,1
youtu.be/vU9mI4fkiDo,1
youtu.be/_vhNAagrVYM,1
youtu.be/SStZxI1rH-A?t=57m31s,1
youtu.be/snu5pZDNGg0,1
youtu.be/3qFa9_JjlYc,1
youtu.be/3YfU0q50d6w,1
youtu.be/og9fFVIpqoQ,1
youtu.be/pVbtV1O1xsY,1
youtu.be/9NX4fVg0D1U,1
youtu.be/xnSxrOT9zmw,1
youtu.be/07qZDuxXSsk,1
youtu.be/-11a9MmXtPQ,1
youtu.be/6fXf_p8rUUM,1
youtu.be/61ZQOm0k5B4,1
youtu.be/5hZvTpT7r0A,1
youtu.be/r5kxahU6kEQ?t=4477,1
youtu.be/-UyOAfyN2kA,1
youtu.be/lKDeyuM0-Og,1
youtu.be/moidW6UMlRo,1
youtu.be/hXtIMpq-c7Y,1
youtu.be/bH-nBcrTwYI,1
youtu.be/KqoqN4kXk3s,1
youtu.be/-EMKOj_hw2g,1
youtu.be/Nfez4so4C4A,1
youtu.be/BfVf29Rjwf0,1
youtu.be/TW5gQo43ay4,1
youtu.be/gjVE4J4mBRA,1
youtu.be/OShTUfGCnVQ,1
youtu.be/XY02Qkuc_f8,1
youtu.be/nZ4zhEfjXqA,1
youtu.be/lmGqG3grTrg,1
youtu.be/TS3dxL0E1kc?t=1m55s,1
youtu.be/rsz-GQR9B-A,1
youtu.be/9wpQ0ye-5U8,1
youtu.be/4mKX4f1Ayj8,1
youtu.be/OImabGvoQNs,1
youtu.be/kUiemCd-W1M,1
youtu.be/tyhmlS-CMsQ,1
youtu.be/YEv25Ly7TPI,1
youtu.be/bjt_2NcC-aY,1
youtu.be/4YqKf3v2aPs,1
youtu.be/G-RTt7yyzIs,1
youtu.be/ofQe17j49DY?t=8s,1
youtu.be/x606RnPlkUg,1
youtu.be/WEibYL3gzsI,1
youtu.be/wQtVWOukIso?t=50s,1
youtu.be/SCkmOCsI-hc,1
youtu.be/wK2K5v5bm0Q,1
youtu.be/aDtm4RhrK0M,1
youtu.be/ecMfU3910WY?t=408,1
youtu.be/3iz1_UwD2Fw,1
youtu.be/9GHpX5kfZ1k?t=1m17s,1
youtu.be/Qc2_rSysXws,1
youtu.be/iY3DuXWldAk,1
youtu.be/Y6fC_l8VdhM,1
youtu.be/k06lLDDe-b4,1
youtu.be/5xu-7L-ky0A,1
youtu.be/AprqBXXPQH8,1
youtu.be/y0HW7ke_VtU,1
youtu.be/tNDCcsH_wgU,1
youtu.be/7dxsVSzL4HE,1
youtu.be/tIKtA0Odo2o,1
youtu.be/Wk7F3OYhp4Q,1
youtu.be/DcBVwRVoBIA,1
youtu.be/CHPTFGLr2IQ,1
youtu.be/QovQe0Jvh3I?t=19s,1
youtu.be/kI9c_Cm0WiQ,1
youtu.be/lmGqG3grTrg?t=1s,1
youtu.be/-bYweSeOShE,1
youtu.be/1AddjbfcMVA,1
youtu.be/37Bl-vKr5L8,1
youtu.be/4z9TdDCWN7g,1
youtu.be/IXOEdvfMeIY,1
youtu.be/Zzjph0hZHgY,1
youtu.be/zmbo3dvSh1w,1
youtu.be/JrqOrgk52zk,1
youtu.be/uC4vIRUN7Ko,1
youtu.be/jlWp32BS2QI,1
youtu.be/Bg1LY8Wzbig?t=8m25s,1
youtu.be/Xq-LnO2DOGE,1
youtu.be/vECDX-n3jqk,1
youtu.be/wnU5ZcEQa7w,1
youtu.be/ag734u8LBWo,1
youtu.be/5Bcmb2pajQU,1
youtu.be/v5foN-2ucZc,1
youtu.be/feGXIK--OdM,1
youtu.be/QES1uIxEPNM,1
youtu.be/UbP15KC0GVs,1
youtu.be/OVC8HhRt10U,1
youtu.be/JxBsVF_ZSbc,1
youtu.be/ekksPm2GVyI?t=39m20s,1
youtu.be/HWppjAmYvgE,1
youtu.be/8fQoGMtE0EY,1
youtu.be/KmJQ9lmAnck,1
youtu.be/b4ggHlx4y1Q,1
youtu.be/5bM5rMmeh1g?list=PLiL9f_tWKqwtZWiGn2VKAQ8sEPh_YMK5r,1
youtu.be/mPwixAQwSrc,1
youtu.be/WO1r5jHrOuE,1
youtu.be/Cmi2IcpiVJc,1
youtu.be/trrqslUpfdw,1
youtu.be/Y-TdHAVGQH4,1
youtu.be/C6le9-umshM,1
youtu.be/ddBLFdiylFg,1
youtu.be/U3zT3Ii1d6k,1
youtu.be/9NrikN_09_U,1
youtu.be/dbd9tfNUOkA,1
youtu.be/Vb3IMTJjzfo?t=1m31s,1
youtu.be/6v0ltNhcCjE?t=6m10s,1
youtu.be/D6vnT6Bt7go,1
youtu.be/OzsGmdmhDTI,1
youtu.be/yYT7KhyV15c,1
youtu.be/-RQaO6SyDR4,1
youtu.be/4gR09UvTDzA,1
youtu.be/jAeoW2IS3g0,1
youtu.be/QE6rZ7dOvFE,1
youtu.be/yIrItUJwL94?t=1h6m30s,1
youtu.be/c-B49CzFhxM,1
youtu.be/LUdHA5liNec,1
youtu.be/uI0aAVh0dJc?t=662,1
youtu.be/dQ9WuyHoS4c,1
youtu.be/1zlOdZGAWoY,1
youtu.be/CAJEF97cL0Q,1
youtu.be/mO5MgST8xUk,1
youtu.be/ZMptVkyZWE4,1
youtu.be/YzRN1krq848,1
youtu.be/4W8xjEFWrHg,1
youtu.be/WxWd7Rmle_4,1
youtu.be/-dbfXp8_qjo,1
youtu.be/lo21-mTYqho,1
youtu.be/SxQHQ7lEsoI,1
youtu.be/o_Nh-MQ0JRI,1
youtu.be/SSBHsElmkiA,1
youtu.be/_G3l406ZXmY,1
youtu.be/7xUecETaxfY,1
youtu.be/Hyk_6otVBTs?t=5m2s,1
youtu.be/PtIi8QR5Mzs,1
youtu.be/SjLa98C2ZWo,1
youtu.be/2Lq7DvxLzsc,1
youtu.be/T7HyuLPWF9I?t=9m,1
youtu.be/dNka5Uk5juA,1
youtu.be/DdykT2RWhfc,1
youtu.be/mep9AbSlArE?t=159,1
youtu.be/lyz1PUJWgxQ,1
youtu.be/bQddlINad3o,1
youtu.be/uWb_W41KSYY,1
youtu.be/PTxSAjXpnqo,1
youtu.be/7tbxni12dh4,1
youtu.be/nmhi6KRIB3Y,1
youtu.be/c5l_r8MG5II,1
youtu.be/x_fBYROA7Hk,1
youtu.be/Ep-YbqfkuzM,1
youtu.be/INTNSYPf0U4,1
youtu.be/OmoRuJQkJWA,1
youtu.be/W5x42MArLPQ,1
youtu.be/OCmQS6j2D2U,1
youtu.be/ZvGQW6n1OcY,1
youtu.be/U8mBgMaLVPc,1
youtu.be/l_VzxIVOKbs,1
youtu.be/st1Kuzt4IN4,1
youtu.be/387SofEmwac,1
youtu.be/5fRMh_itKQE,1
youtu.be/o50Cey_WuRM,1
youtu.be/hUB2_BWA9oY?t=9m4s,1
youtu.be/rgDtgyzVZYk,1
youtu.be/Kc5gpC_M2s8,1
youtu.be/Fv1Wo9Eg40k,1
youtu.be/gvcS-Op3dMg,1
youtu.be/sgM7P8BjJhY,1
youtu.be/daK0sfBG5cg,1
youtu.be/3KtDbKAyKc4,1
youtu.be/cCJuZZYoWVU,1
youtu.be/qh7rdCYCQ_U,1
youtu.be/EG8T6Az7kVY,1
youtu.be/e63em2m_YY0,1
youtu.be/TvTeLs84kuk,1
youtu.be/lJbMm2bjAW0,1
youtu.be/3p2BCvuBE5I,1
youtu.be/bxoy-bykY98,1
youtu.be/j5tJAo6T9E8,1
youtu.be/dqioRuzFl5I,1
youtu.be/0TK3r8ifVmg?t=54s,1
youtu.be/Y3SELETvIE0,1
youtu.be/Z4bLYGNhQpk,1
youtu.be/dSPi1C-Xxgg,1
youtu.be/3Z_cTtTvbAc?t=6m30s,1
youtu.be/n8HBLX_khwQ,1
youtu.be/MFsb2zKV3nw,1
youtu.be/qQu8Tflvt10,1
youtu.be/NU1e992LSfM,1
youtu.be/AEZVMRRoeEA,1
youtu.be/140Y-QqBRG4?t=16m12s,1
youtu.be/GU3KqDnxomg,1
youtu.be/GJzXG7MYX1c,1
youtu.be/JlOi8ZiAZiw,1
youtu.be/RfGfbVj9_WU,1
youtu.be/PHbv3XiKPA0,1
youtu.be/jtASWoNZHQg?t=3m33s,1
youtu.be/Re9ZSB6DvNs,1
youtu.be/LE06lqT0Y2g,1
youtu.be/FaCHBmGWcBc,1
youtu.be/f0lODh6gwOU,1
youtu.be/5AkAGc5nOXw,1
youtu.be/SvthNcsV6xA,1
youtu.be/BbrmcISt02c,1
youtu.be/R7yYARGFKbM,1
youtu.be/No1ZmYiKeRY,1
youtu.be/YvLsJdKsIeQ,1
youtu.be/7Xvvh9iFMGc,1
youtu.be/PCtY1o48yuA,1
youtu.be/KaCBYrVsic4,1
youtu.be/qwS6HtMKNOA,1
youtu.be/urtoqW_jewo,1
youtu.be/rGzQco7Fw6E,1
youtu.be/pum8A2vkbzs,1
youtu.be/n9k_HUq1Kd4,1
youtu.be/IHaNQoIVBLA?t=1s,1
youtu.be/lo_94aCRKow,1
youtu.be/3uvWkgz1XQM,1
youtu.be/s6StVNfcttc,1
youtu.be/oViZrCvCJos,1
youtu.be/v7vaw3AY6u0,1
youtu.be/RErOFndswmk,1
youtu.be/5FU2nG9gTlc,1
youtu.be/Njh5bXe7SxU,1
youtu.be/W5K3AKl5qpc,1
youtu.be/su2oJtIUszw?t=591,1
youtu.be/3Otu8ZlzUz4,1
youtu.be/jEqfwrq8lsk,1
youtu.be/znN3Tm36Vt8,1
youtu.be/kWI915CVU4w,1
youtu.be/fRHOTmj_jI0,1
youtu.be/I6KDnUQtVzU,1
